site_id,published_item_id
ct_cap,ctcap_p2_1
ct_cap,ctcap_p2_2
ct_chest,ctch_em_1
ct_chest,ctch_em_2
ct_chest,ctch_p2_1
ct_colonography,ctcol_p2_1
ct_colonography,ctcol_p2_2
ct_colonography,ctcol_p2_3
ct_colonography,ctcol_p2_4
ct_colonography,ctcol_p3_1
ct_colonography,ctcol_p3_2
ct_colonography,ctcol_p3_3
ct_colonography,ctcol_p3_4
ct_colonography,ctcol_p3_5
ct_colonography,ctcol_p3_6
ct_colonography,ctcol_p3_7
ct_head,cth_a48_1
ct_head,cth_a48_2
ct_head,cth_p2_1
ct_head,cth_p2_3
ct_ivu,ctivu_p2_2
ct_kub,ctkub_em_1
ct_kub,ctkub_a24_1
ct_other,ctoth_a48_1
ct_other,ctoth_p2_1
ct_other,ctoth_p2_2
ct_other,ctoth_p3_1
ct_other,ctoth_p3_2
ct_sinus,ctsin_em_1
us_abdomen,usab_p2_1
us_abdomen,usab_p3_3
us_abdomen,usab_p3_4
us_carotid,usca_em_1
us_carotid,usca_48_1
us_dvt,usdvt_s1_3
us_fna_biopsy,usfna_p2_1
us_fna_biopsy,usfna_p3_1
us_pelvis,uspv_24_1
us_pelvis,uspv_24_2
us_pelvis,uspv_48_1
us_pelvis,uspv_p2_5
us_pelvis,uspv_p3_5
us_pelvis,uspv_p3_6
us_pelvis,uspv_p3_10
us_pelvis,uspv_s2_1
us_pelvis,uspv_s2_2
us_pelvis,uspv_s2_3
us_pelvis,uspv_s2_4
us_pelvis,uspv_s3_1
us_pelvis,uspv_s3_2
us_pelvis,uspv_s3_3
us_pelvis,uspv_s3_4
us_renal,usrn_em_1
us_renal,usrn_48_1
us_renal,usrn_p3_4
us_renal,usrn_p3_5
us_renal,usrn_p4_2
us_renal,usrn_s2_1
us_scrotum,ussc_p4_2
xr_abdomen,xrab_p3_1
xr_abdomen,xrab_p3_2
xr_abdomen,xrab_p3_3
xr_abdomen,xrab_s2_2
xr_chest,xrch_em_1
xr_chest,xrch_em_2
xr_chest,xrch_em_3
xr_chest,xrch_em_4
xr_chest,xrch_48_1
xr_chest,xrch_48_3
xr_chest,xrch_48_6
xr_chest,xrch_48_9
xr_chest,xrch_48_10
xr_chest,xrch_p2_2
xr_chest,xrch_p2_3
xr_chest,xrch_p2_4
xr_chest,xrch_p3_1
xr_chest,xrch_s2_1
xr_shoulder,xrsh_p2_2
xr_shoulder,xrsh_p2_3
xr_humerus,xrhu_em_1
xr_humerus,xrhu_p2_1
xr_humerus,xrhu_p2_2
xr_humerus,xrhu_p2_3
xr_humerus,xrhu_p2_4
xr_humerus,xrhu_p2_5
xr_humerus,xrhu_p3_1
xr_humerus,xrhu_p3_2
xr_humerus,xrhu_p3_3
xr_elbow,xrel_p2_2
xr_elbow,xrel_p2_3
xr_elbow,xrel_p3_1
xr_forearm,xrfa_em_1
xr_forearm,xrfa_p2_1
xr_forearm,xrfa_p2_2
xr_forearm,xrfa_p2_3
xr_forearm,xrfa_p2_4
xr_forearm,xrfa_p2_5
xr_forearm,xrfa_p3_1
xr_forearm,xrfa_p3_2
xr_forearm,xrfa_p3_3
xr_wrist_hand,xrwh_p2_2
xr_wrist_hand,xrwh_p2_3
xr_wrist_hand,xrwh_p3_3
xr_pelvis_hip,xrph_p2_2
xr_pelvis_hip,xrph_p2_3
xr_pelvis_hip,xrph_p2_4
xr_pelvis_hip,xrph_p3_1
xr_femur,xrfe_em_1
xr_femur,xrfe_p2_1
xr_femur,xrfe_p2_2
xr_femur,xrfe_p2_3
xr_femur,xrfe_p2_4
xr_femur,xrfe_p2_5
xr_femur,xrfe_p3_1
xr_femur,xrfe_p3_2
xr_femur,xrfe_p3_3
xr_femur,xrfe_p3_4
xr_knee,xrkn_p2_2
xr_knee,xrkn_p2_3
xr_knee,xrkn_p3_1
xr_tibia_fibula,xrtf_em_1
xr_tibia_fibula,xrtf_p2_1
xr_tibia_fibula,xrtf_p2_2
xr_tibia_fibula,xrtf_p2_3
xr_tibia_fibula,xrtf_p2_4
xr_tibia_fibula,xrtf_p2_5
xr_tibia_fibula,xrtf_p3_1
xr_tibia_fibula,xrtf_p3_2
xr_tibia_fibula,xrtf_p3_3
xr_tibia_fibula,xrtf_p3_4
xr_ankle_foot,xraf_p2_2
xr_ankle_foot,xraf_p2_3
xr_ankle_foot,xraf_p3_1
xr_ankle_foot,xraf_p3_4
xr_spine,xrsp_p2_2
xr_spine,xrsp_p2_3
xr_spine,xrsp_p2_4
xr_spine,xrsp_p2_5
xr_spine,xrsp_p2_6
ct_head_paed,cthp_24_1_p
ct_head_paed,cthp_p2_1_p
ct_head_paed,cthp_p3_1_p
us_hip_paed,ushp_p2_1_p
us_hip_paed,ushp_p2_2_p
us_hip_paed,ushp_p3_1_p
us_hip_paed,ushp_s1_1_p
us_neck_thyroid_paed,usntp_p2_1_p
us_neck_thyroid_paed,usntp_p3_1_p
us_pelvis_paed,uspep_em_1_p
us_pelvis_paed,uspep_48_1_p
us_pelvis_paed,uspep_48_2_p
us_pelvis_paed,uspep_p3_1_p
us_pelvis_paed,uspep_p3_2_p
us_renal_paed,usrep_em_1_p
us_renal_paed,usrep_em_2_p
us_renal_paed,usrep_em_3_p
us_renal_paed,usrep_em_4_p
us_renal_paed,usrep_p2_1_p
us_renal_paed,usrep_p3_1_p
us_renal_paed,usrep_p3_2_p
us_renal_paed,usrep_p3_3_p
us_renal_paed,usrep_s2_1_p
us_renal_paed,usrep_s2_2_p
us_renal_paed,usrep_s2_3_p
us_renal_paed,usrep_s2_4_p
us_scrotum_paed,usscp_em_1_p
us_scrotum_paed,usscp_em_2_p
us_scrotum_paed,usscp_p2_1_p
us_soft_tissue_paed,usstp_em_1_p
us_soft_tissue_paed,usstp_em_2_p
us_soft_tissue_paed,usstp_em_3_p
us_soft_tissue_paed,usstp_48_1_p
us_soft_tissue_paed,usstp_p3_1_p
us_soft_tissue_paed,usstp_p3_2_p
us_soft_tissue_paed,usstp_p3_3_p
us_spine_paed,usspp_p2_1_p
us_spine_paed,usspp_p2_2_p
xr_abdomen_paed,xrabd_em_1_p
xr_abdomen_paed,xrabd_48_1_p
xr_chest_paed,xrch_em_1_p
xr_chest_paed,xrch_24_1_p
xr_chest_paed,xrch_p3_1_p
xr_chest_paed,xrch_s2_1_p
xr_humerus_paed,xrhum_em_1_p
xr_humerus_paed,xrhum_p2_1_p
xr_humerus_paed,xrhum_p2_2_p
xr_humerus_paed,xrhum_p2_3_p
xr_humerus_paed,xrhum_p3_1_p
xr_humerus_paed,xrhum_p3_2_p
xr_elbow_paed,xrel_em_1_p
xr_elbow_paed,xrel_p3_2_p
xr_forearm_paed,xrfa_em_1_p
xr_forearm_paed,xrfa_p2_1_p
xr_forearm_paed,xrfa_p2_2_p
xr_forearm_paed,xrfa_p2_3_p
xr_forearm_paed,xrfa_p3_1_p
xr_forearm_paed,xrfa_p3_2_p
xr_wrist_hand_paed,xrwh_p3_2_p
xr_wrist_hand_paed,xrwh_p3_3_p
xr_femur_paed,xrfem_em_1_p
xr_femur_paed,xrfem_p2_1_p
xr_femur_paed,xrfem_p2_2_p
xr_femur_paed,xrfem_p2_3_p
xr_femur_paed,xrfem_p3_1_p
xr_knee_paed,xrkn_p3_5_p
xr_tibia_fibula_paed,xrtf_em_1_p
xr_tibia_fibula_paed,xrtf_p2_1_p
xr_tibia_fibula_paed,xrtf_p2_2_p
xr_tibia_fibula_paed,xrtf_p2_3_p
xr_tibia_fibula_paed,xrtf_p3_1_p
xr_feet_paed,xrft_em_1_p
xr_feet_paed,xrft_p3_2_p
xr_feet_paed,xrft_p3_3_p
xr_feet_paed,xrft_p3_4_p
xr_pelvis_hip_paed,xrph_em_2_p
xr_pelvis_hip_paed,xrph_24_1_p
xr_pelvis_hip_paed,xrph_p2_1_p
xr_pelvis_hip_paed,xrph_p2_2_p
xr_pelvis_hip_paed,xrph_p2_3_p
xr_pelvis_hip_paed,xrph_p2_4_p
xr_pelvis_hip_paed,xrph_p2_5_p
xr_pelvis_hip_paed,xrph_p3_1_p
xr_pelvis_hip_paed,xrph_p3_2_p
xr_pelvis_hip_paed,xrph_p3_3_p
xr_spine_paed,xrsp_p2_1_p
xr_spine_paed,xrsp_p3_1_p
